{"cameraMode":{"drawMode":0,"name":"Shaded","section":"Shading Mode"},"sceneLighting":false,"audioPlay":false,"sceneViewState":{"showFog":true,"showMaterialUpdate":false,"showSkybox":false,"showFlares":true,"showImageEffects":true,"showParticleSystems":true},"in2DMode":false,"pivot":{"x":0.34185123443603518,"y":0.761605978012085,"z":1.858925461769104},"rotation":{"x":-0.04012368619441986,"y":-0.9471274018287659,"z":0.2901904881000519,"w":-0.1309545934200287},"size":0.9703185558319092,"orthographic":false}