{"cameraMode":{"drawMode":0,"name":"Shaded","section":"Shading Mode"},"sceneLighting":false,"audioPlay":false,"sceneViewState":{"showFog":true,"showMaterialUpdate":false,"showSkybox":false,"showFlares":true,"showImageEffects":true,"showParticleSystems":true},"in2DMode":false,"pivot":{"x":597.2894287109375,"y":969.77734375,"z":-11.6134033203125},"rotation":{"x":-0.04079846665263176,"y":-0.0009011850343085825,"z":0.00003746562288142741,"w":-0.9991754293441773},"size":1616.3380126953125,"orthographic":false}