{"cameraMode":{"drawMode":0,"name":"Shaded","section":"Shading Mode"},"sceneLighting":false,"audioPlay":false,"sceneViewState":{"showFog":true,"showMaterialUpdate":false,"showSkybox":false,"showFlares":true,"showImageEffects":true,"showParticleSystems":true},"in2DMode":false,"pivot":{"x":0.5249545574188232,"y":0.8864377737045288,"z":0.050798654556274417},"rotation":{"x":0.07710221409797669,"y":-0.9217429757118225,"z":0.24353472888469697,"w":0.2918131351470947},"size":1.3965599536895753,"orthographic":false}